[{"fields": {"origin": false, "iata": "AG", "destination": true, "name": "Antigua And Barbuda"}, "model": "api.country", "pk": 85}, {"fields": {"origin": true, "iata": "AR", "destination": true, "name": "Argentina"}, "model": "api.country", "pk": 86}, {"fields": {"origin": false, "iata": "AM", "destination": true, "name": "Armenia"}, "model": "api.country", "pk": 87}, {"fields": {"origin": false, "iata": "AW", "destination": true, "name": "Aruba"}, "model": "api.country", "pk": 88}, {"fields": {"origin": false, "iata": "AU", "destination": true, "name": "Australia"}, "model": "api.country", "pk": 89}, {"fields": {"origin": false, "iata": "AT", "destination": true, "name": "Austria"}, "model": "api.country", "pk": 90}, {"fields": {"origin": false, "iata": "BS", "destination": true, "name": "Bahamas"}, "model": "api.country", "pk": 91}, {"fields": {"origin": false, "iata": "BB", "destination": true, "name": "Barbados"}, "model": "api.country", "pk": 92}, {"fields": {"origin": true, "iata": "BE", "destination": true, "name": "Belgium"}, "model": "api.country", "pk": 93}, {"fields": {"origin": false, "iata": "BM", "destination": true, "name": "Bermuda"}, "model": "api.country", "pk": 94}, {"fields": {"origin": false, "iata": "BR", "destination": true, "name": "Brazil"}, "model": "api.country", "pk": 95}, {"fields": {"origin": false, "iata": "BG", "destination": true, "name": "Bulgaria"}, "model": "api.country", "pk": 96}, {"fields": {"origin": false, "iata": "CA", "destination": true, "name": "Canada"}, "model": "api.country", "pk": 97}, {"fields": {"origin": false, "iata": "KY", "destination": true, "name": "Cayman Islands"}, "model": "api.country", "pk": 98}, {"fields": {"origin": true, "iata": "CL", "destination": true, "name": "Chile"}, "model": "api.country", "pk": 99}, {"fields": {"origin": false, "iata": "CN", "destination": true, "name": "China"}, "model": "api.country", "pk": 100}, {"fields": {"origin": false, "iata": "CO", "destination": true, "name": "Colombia"}, "model": "api.country", "pk": 101}, {"fields": {"origin": false, "iata": "CR", "destination": true, "name": "Costa Rica"}, "model": "api.country", "pk": 102}, {"fields": {"origin": false, "iata": "HR", "destination": true, "name": "Croatia"}, "model": "api.country", "pk": 103}, {"fields": {"origin": true, "iata": "CY", "destination": true, "name": "Cyprus"}, "model": "api.country", "pk": 104}, {"fields": {"origin": false, "iata": "CZ", "destination": true, "name": "Czech Republic"}, "model": "api.country", "pk": 105}, {"fields": {"origin": true, "iata": "DK", "destination": true, "name": "Denmark"}, "model": "api.country", "pk": 106}, {"fields": {"origin": false, "iata": "DO", "destination": true, "name": "Dominican Republic"}, "model": "api.country", "pk": 107}, {"fields": {"origin": false, "iata": "EC", "destination": true, "name": "Ecuador"}, "model": "api.country", "pk": 108}, {"fields": {"origin": false, "iata": "EG", "destination": true, "name": "Egypt"}, "model": "api.country", "pk": 109}, {"fields": {"origin": false, "iata": "SV", "destination": true, "name": "El Salvador"}, "model": "api.country", "pk": 110}, {"fields": {"origin": true, "iata": "FR", "destination": true, "name": "France"}, "model": "api.country", "pk": 111}, {"fields": {"origin": false, "iata": "PF", "destination": true, "name": "French Polynesia"}, "model": "api.country", "pk": 112}, {"fields": {"origin": false, "iata": "GE", "destination": true, "name": "Georgia"}, "model": "api.country", "pk": 113}, {"fields": {"origin": false, "iata": "DE", "destination": true, "name": "Germany"}, "model": "api.country", "pk": 114}, {"fields": {"origin": true, "iata": "GR", "destination": true, "name": "Greece"}, "model": "api.country", "pk": 115}, {"fields": {"origin": false, "iata": "GT", "destination": true, "name": "Guatemala"}, "model": "api.country", "pk": 116}, {"fields": {"origin": false, "iata": "GY", "destination": true, "name": "Guyana"}, "model": "api.country", "pk": 117}, {"fields": {"origin": false, "iata": "HT", "destination": true, "name": "Haiti"}, "model": "api.country", "pk": 118}, {"fields": {"origin": false, "iata": "HK", "destination": true, "name": "Hong Kong"}, "model": "api.country", "pk": 119}, {"fields": {"origin": false, "iata": "HU", "destination": true, "name": "Hungary"}, "model": "api.country", "pk": 120}, {"fields": {"origin": false, "iata": "IN", "destination": true, "name": "India"}, "model": "api.country", "pk": 121}, {"fields": {"origin": false, "iata": "ID", "destination": true, "name": "Indonesia"}, "model": "api.country", "pk": 122}, {"fields": {"origin": false, "iata": "IE", "destination": true, "name": "Ireland"}, "model": "api.country", "pk": 123}, {"fields": {"origin": false, "iata": "IL", "destination": true, "name": "Israel"}, "model": "api.country", "pk": 124}, {"fields": {"origin": true, "iata": "IT", "destination": true, "name": "Italy"}, "model": "api.country", "pk": 125}, {"fields": {"origin": false, "iata": "JM", "destination": true, "name": "Jamaica"}, "model": "api.country", "pk": 126}, {"fields": {"origin": false, "iata": "JP", "destination": true, "name": "Japan"}, "model": "api.country", "pk": 127}, {"fields": {"origin": false, "iata": "KR", "destination": true, "name": "Korea - Republic Of"}, "model": "api.country", "pk": 128}, {"fields": {"origin": false, "iata": "KG", "destination": true, "name": "Kyrgyzstan"}, "model": "api.country", "pk": 129}, {"fields": {"origin": false, "iata": "LB", "destination": true, "name": "Lebanon"}, "model": "api.country", "pk": 130}, {"fields": {"origin": false, "iata": "MY", "destination": true, "name": "Malaysia"}, "model": "api.country", "pk": 131}, {"fields": {"origin": false, "iata": "MV", "destination": true, "name": "Maldives"}, "model": "api.country", "pk": 132}, {"fields": {"origin": false, "iata": "MX", "destination": true, "name": "Mexico"}, "model": "api.country", "pk": 133}, {"fields": {"origin": false, "iata": "MA", "destination": true, "name": "Morocco"}, "model": "api.country", "pk": 134}, {"fields": {"origin": true, "iata": "NL", "destination": true, "name": "Netherlands"}, "model": "api.country", "pk": 135}, {"fields": {"origin": false, "iata": "AN", "destination": true, "name": "Netherlands Antilles"}, "model": "api.country", "pk": 136}, {"fields": {"origin": false, "iata": "NI", "destination": true, "name": "Nicaragua"}, "model": "api.country", "pk": 137}, {"fields": {"origin": true, "iata": "NO", "destination": true, "name": "Norway"}, "model": "api.country", "pk": 138}, {"fields": {"origin": false, "iata": "PK", "destination": true, "name": "Pakistan"}, "model": "api.country", "pk": 139}, {"fields": {"origin": false, "iata": "PA", "destination": true, "name": "Panama"}, "model": "api.country", "pk": 140}, {"fields": {"origin": false, "iata": "PE", "destination": true, "name": "Peru"}, "model": "api.country", "pk": 141}, {"fields": {"origin": false, "iata": "PH", "destination": true, "name": "Philippines"}, "model": "api.country", "pk": 142}, {"fields": {"origin": true, "iata": "PT", "destination": true, "name": "Portugal"}, "model": "api.country", "pk": 143}, {"fields": {"origin": true, "iata": "PR", "destination": true, "name": "Puerto Rico"}, "model": "api.country", "pk": 144}, {"fields": {"origin": true, "iata": "RU", "destination": true, "name": "Russian Federation"}, "model": "api.country", "pk": 145}, {"fields": {"origin": false, "iata": "LC", "destination": true, "name": "Saint Lucia"}, "model": "api.country", "pk": 146}, {"fields": {"origin": false, "iata": "RS", "destination": true, "name": "Serbia"}, "model": "api.country", "pk": 147}, {"fields": {"origin": false, "iata": "SG", "destination": true, "name": "Singapore"}, "model": "api.country", "pk": 148}, {"fields": {"origin": true, "iata": "ES", "destination": true, "name": "Spain"}, "model": "api.country", "pk": 149}, {"fields": {"origin": false, "iata": "LK", "destination": true, "name": "Sri Lanka"}, "model": "api.country", "pk": 150}, {"fields": {"origin": false, "iata": "SR", "destination": true, "name": "Suriname"}, "model": "api.country", "pk": 151}, {"fields": {"origin": true, "iata": "SE", "destination": true, "name": "Sweden"}, "model": "api.country", "pk": 152}, {"fields": {"origin": false, "iata": "CH", "destination": true, "name": "Switzerland"}, "model": "api.country", "pk": 153}, {"fields": {"origin": false, "iata": "TW", "destination": true, "name": "Taiwan"}, "model": "api.country", "pk": 154}, {"fields": {"origin": false, "iata": "TJ", "destination": true, "name": "Tajikistan"}, "model": "api.country", "pk": 155}, {"fields": {"origin": false, "iata": "TH", "destination": true, "name": "Thailand"}, "model": "api.country", "pk": 156}, {"fields": {"origin": false, "iata": "TT", "destination": true, "name": "Trinidad And Tobago"}, "model": "api.country", "pk": 157}, {"fields": {"origin": true, "iata": "TR", "destination": true, "name": "Turkey"}, "model": "api.country", "pk": 158}, {"fields": {"origin": false, "iata": "TC", "destination": true, "name": "Turks And Caicos Islands"}, "model": "api.country", "pk": 159}, {"fields": {"origin": false, "iata": "UA", "destination": true, "name": "Ukraine"}, "model": "api.country", "pk": 160}, {"fields": {"origin": false, "iata": "AE", "destination": true, "name": "United Arab Emirates"}, "model": "api.country", "pk": 161}, {"fields": {"origin": true, "iata": "GB", "destination": true, "name": "United Kingdom"}, "model": "api.country", "pk": 162}, {"fields": {"origin": true, "iata": "US", "destination": true, "name": "United States"}, "model": "api.country", "pk": 163}, {"fields": {"origin": false, "iata": "UY", "destination": true, "name": "Uruguay"}, "model": "api.country", "pk": 164}, {"fields": {"origin": false, "iata": "UZ", "destination": true, "name": "Uzbekistan"}, "model": "api.country", "pk": 165}, {"fields": {"origin": false, "iata": "VE", "destination": true, "name": "Venezuela"}, "model": "api.country", "pk": 166}, {"fields": {"origin": false, "iata": "VN", "destination": true, "name": "Viet Nam"}, "model": "api.country", "pk": 167}, {"fields": {"origin": false, "iata": "VI", "destination": true, "name": "Virgin Islands (U.S.)"}, "model": "api.country", "pk": 168}, {"fields": {"origin": false, "iata": "AZ", "destination": false, "name": "Azerbaijan"}, "model": "api.country", "pk": 169}, {"fields": {"origin": false, "iata": "RO", "destination": false, "name": "Romania"}, "model": "api.country", "pk": 170}, {"fields": {"origin": false, "iata": "LR", "destination": false, "name": "Liberia"}, "model": "api.country", "pk": 171}, {"fields": {"origin": false, "iata": "IS", "destination": false, "name": "Iceland"}, "model": "api.country", "pk": 172}, {"fields": {"origin": false, "iata": "BO", "destination": false, "name": "Bolivia"}, "model": "api.country", "pk": 173}, {"fields": {"origin": false, "iata": "EE", "destination": false, "name": "Estonia"}, "model": "api.country", "pk": 174}, {"fields": {"origin": false, "iata": "IR", "destination": false, "name": "Iran (Islamic Republic Of)"}, "model": "api.country", "pk": 175}, {"fields": {"country": 161, "iata": "AUH", "name": "Abu Dhabi"}, "model": "api.city", "pk": 1}, {"fields": {"country": 109, "iata": "ALY", "name": "Alexandria"}, "model": "api.city", "pk": 2}, {"fields": {"country": 163, "iata": "LTS", "name": "Altus"}, "model": "api.city", "pk": 3}, {"fields": {"country": 158, "iata": "ANK", "name": "Ankara"}, "model": "api.city", "pk": 4}, {"fields": {"country": 163, "iata": "AIY", "name": "Atlantic City"}, "model": "api.city", "pk": 5}, {"fields": {"country": 169, "iata": "BAK", "name": "Baku"}, "model": "api.city", "pk": 6}, {"fields": {"country": 156, "iata": "BKK", "name": "Bangkok"}, "model": "api.city", "pk": 7}, {"fields": {"country": 153, "iata": "EAP", "name": "Basel"}, "model": "api.city", "pk": 8}, {"fields": {"country": 100, "iata": "BJS", "name": "Beijing"}, "model": "api.city", "pk": 9}, {"fields": {"country": 162, "iata": "BFS", "name": "Belfast"}, "model": "api.city", "pk": 10}, {"fields": {"country": 95, "iata": "BHZ", "name": "Belo Horizonte"}, "model": "api.city", "pk": 11}, {"fields": {"country": 114, "iata": "BER", "name": "Berlin"}, "model": "api.city", "pk": 12}, {"fields": {"country": 158, "iata": "BXN", "name": "Bodrum"}, "model": "api.city", "pk": 13}, {"fields": {"country": 93, "iata": "BRU", "name": "Brussels"}, "model": "api.city", "pk": 14}, {"fields": {"country": 170, "iata": "BUH", "name": "Bucharest"}, "model": "api.city", "pk": 15}, {"fields": {"country": 86, "iata": "BUE", "name": "Buenos Aires"}, "model": "api.city", "pk": 16}, {"fields": {"country": 134, "iata": "CAS", "name": "Casablanca"}, "model": "api.city", "pk": 17}, {"fields": {"country": 99, "iata": "WCA", "name": "Castro"}, "model": "api.city", "pk": 18}, {"fields": {"country": 163, "iata": "CHI", "name": "Chicago"}, "model": "api.city", "pk": 19}, {"fields": {"country": 163, "iata": "CVG", "name": "Cincinnati"}, "model": "api.city", "pk": 20}, {"fields": {"country": 163, "iata": "CSM", "name": "Clinton"}, "model": "api.city", "pk": 21}, {"fields": {"country": 114, "iata": "CGN", "name": "Cologne"}, "model": "api.city", "pk": 22}, {"fields": {"country": 163, "iata": "QDF", "name": "Dallas - Fort Worth"}, "model": "api.city", "pk": 23}, {"fields": {"country": 163, "iata": "DTT", "name": "Detroit"}, "model": "api.city", "pk": 24}, {"fields": {"country": 161, "iata": "DXB", "name": "Dubai"}, "model": "api.city", "pk": 25}, {"fields": {"country": 114, "iata": "DUS", "name": "Dusseldorf"}, "model": "api.city", "pk": 26}, {"fields": {"country": 97, "iata": "YEA", "name": "Edmonton"}, "model": "api.city", "pk": 27}, {"fields": {"country": 135, "iata": "ENS", "name": "Enschede"}, "model": "api.city", "pk": 28}, {"fields": {"country": 163, "iata": "FYV", "name": "Fayetteville"}, "model": "api.city", "pk": 29}, {"fields": {"country": 125, "iata": "FLR", "name": "Florence"}, "model": "api.city", "pk": 30}, {"fields": {"country": 163, "iata": "FMY", "name": "Fort Myers"}, "model": "api.city", "pk": 31}, {"fields": {"country": 163, "iata": "HAR", "name": "Harrisburg"}, "model": "api.city", "pk": 32}, {"fields": {"country": 163, "iata": "HFD", "name": "Hartford"}, "model": "api.city", "pk": 33}, {"fields": {"country": 163, "iata": "QHO", "name": "Houston"}, "model": "api.city", "pk": 34}, {"fields": {"country": 158, "iata": "IST", "name": "Istanbul"}, "model": "api.city", "pk": 35}, {"fields": {"country": 158, "iata": "IZM", "name": "Izmir"}, "model": "api.city", "pk": 36}, {"fields": {"country": 122, "iata": "JKT", "name": "Jakarta"}, "model": "api.city", "pk": 37}, {"fields": {"country": 163, "iata": "MKC", "name": "Kansas City"}, "model": "api.city", "pk": 38}, {"fields": {"country": 160, "iata": "IEV", "name": "Kiev"}, "model": "api.city", "pk": 39}, {"fields": {"country": 163, "iata": "ILE", "name": "Killeen"}, "model": "api.city", "pk": 40}, {"fields": {"country": 131, "iata": "KUL", "name": "Kuala Lumpur"}, "model": "api.city", "pk": 41}, {"fields": {"country": 111, "iata": "LIL", "name": "Lille"}, "model": "api.city", "pk": 42}, {"fields": {"country": 90, "iata": "LNZ", "name": "Linz"}, "model": "api.city", "pk": 43}, {"fields": {"country": 162, "iata": "LON", "name": "London"}, "model": "api.city", "pk": 44}, {"fields": {"country": 111, "iata": "LYS", "name": "Lyon"}, "model": "api.city", "pk": 45}, {"fields": {"country": 152, "iata": "MMA", "name": "Malmo"}, "model": "api.city", "pk": 46}, {"fields": {"country": 93, "iata": "MES", "name": "Medan"}, "model": "api.city", "pk": 47}, {"fields": {"country": 89, "iata": "MEL", "name": "Melbourne"}, "model": "api.city", "pk": 48}, {"fields": {"country": 125, "iata": "MIL", "name": "Milan"}, "model": "api.city", "pk": 49}, {"fields": {"country": 171, "iata": "MLW", "name": "Monrovia"}, "model": "api.city", "pk": 50}, {"fields": {"country": 97, "iata": "YMQ", "name": "Montreal"}, "model": "api.city", "pk": 51}, {"fields": {"country": 145, "iata": "MOW", "name": "Moscow"}, "model": "api.city", "pk": 52}, {"fields": {"country": 163, "iata": "NYC", "name": "New York"}, "model": "api.city", "pk": 53}, {"fields": {"country": 167, "iata": "NHA", "name": "Nha Trang"}, "model": "api.city", "pk": 54}, {"fields": {"country": 162, "iata": "NQT", "name": "Nottingham"}, "model": "api.city", "pk": 55}, {"fields": {"country": 163, "iata": "ORL", "name": "Orlando"}, "model": "api.city", "pk": 56}, {"fields": {"country": 127, "iata": "OSA", "name": "Osaka"}, "model": "api.city", "pk": 57}, {"fields": {"country": 138, "iata": "OSL", "name": "Oslo"}, "model": "api.city", "pk": 58}, {"fields": {"country": 97, "iata": "YOW", "name": "Ottawa"}, "model": "api.city", "pk": 59}, {"fields": {"country": 163, "iata": "PFN", "name": "Panama City"}, "model": "api.city", "pk": 60}, {"fields": {"country": 111, "iata": "PAR", "name": "Paris"}, "model": "api.city", "pk": 61}, {"fields": {"country": 163, "iata": "QPH", "name": "Philadelphia"}, "model": "api.city", "pk": 62}, {"fields": {"country": 172, "iata": "REK", "name": "Reykjavik"}, "model": "api.city", "pk": 63}, {"fields": {"country": 95, "iata": "RIO", "name": "Rio De Janeiro"}, "model": "api.city", "pk": 64}, {"fields": {"country": 125, "iata": "ROM", "name": "Rome"}, "model": "api.city", "pk": 65}, {"fields": {"country": 158, "iata": "SSX", "name": "Samsun"}, "model": "api.city", "pk": 66}, {"fields": {"country": 173, "iata": "SRZ", "name": "Santa Cruz"}, "model": "api.city", "pk": 67}, {"fields": {"country": 95, "iata": "SAO", "name": "Sao Paulo"}, "model": "api.city", "pk": 68}, {"fields": {"country": 127, "iata": "SPK", "name": "Sapporo"}, "model": "api.city", "pk": 69}, {"fields": {"country": 163, "iata": "SSM", "name": "Sault Ste Marie"}, "model": "api.city", "pk": 70}, {"fields": {"country": 163, "iata": "SEA", "name": "Seattle"}, "model": "api.city", "pk": 71}, {"fields": {"country": 128, "iata": "SEL", "name": "Seoul"}, "model": "api.city", "pk": 72}, {"fields": {"country": 100, "iata": "SHA", "name": "Shanghai"}, "model": "api.city", "pk": 73}, {"fields": {"country": 162, "iata": "SDZ", "name": "Shetland Islands"}, "model": "api.city", "pk": 74}, {"fields": {"country": 163, "iata": "SFY", "name": "Springfield"}, "model": "api.city", "pk": 75}, {"fields": {"country": 168, "iata": "STX", "name": "St Croix Island"}, "model": "api.city", "pk": 76}, {"fields": {"country": 146, "iata": "SLU", "name": "St Lucia"}, "model": "api.city", "pk": 77}, {"fields": {"country": 163, "iata": "SBS", "name": "Steamboat Springs"}, "model": "api.city", "pk": 78}, {"fields": {"country": 152, "iata": "STO", "name": "Stockholm"}, "model": "api.city", "pk": 79}, {"fields": {"country": 111, "iata": "SXB", "name": "Strasbourg"}, "model": "api.city", "pk": 80}, {"fields": {"country": 114, "iata": "STR", "name": "Stuttgart"}, "model": "api.city", "pk": 81}, {"fields": {"country": 154, "iata": "TPE", "name": "Taipei"}, "model": "api.city", "pk": 82}, {"fields": {"country": 174, "iata": "QUF", "name": "Tallinn"}, "model": "api.city", "pk": 83}, {"fields": {"country": 163, "iata": "TPA", "name": "Tampa - St Petersburg"}, "model": "api.city", "pk": 84}, {"fields": {"country": 175, "iata": "THR", "name": "Tehran"}, "model": "api.city", "pk": 85}, {"fields": {"country": 149, "iata": "TCI", "name": "Tenerife"}, "model": "api.city", "pk": 86}, {"fields": {"country": 127, "iata": "TYO", "name": "Tokyo"}, "model": "api.city", "pk": 87}, {"fields": {"country": 97, "iata": "YTO", "name": "Toronto"}, "model": "api.city", "pk": 88}, {"fields": {"country": 145, "iata": "ULY", "name": "Ulyanovsk"}, "model": "api.city", "pk": 89}, {"fields": {"country": 90, "iata": "VIE", "name": "Vienna"}, "model": "api.city", "pk": 90}, {"fields": {"country": 163, "iata": "WAS", "name": "Washington"}, "model": "api.city", "pk": 91}, {"fields": {"country": 100, "iata": "SIA", "name": "Xi An"}, "model": "api.city", "pk": 92}, {"fields": {"city": 1, "iata": "AUH", "name": "Abu Dhabi Intl"}, "model": "api.airport", "pk": 1}, {"fields": {"city": 1, "iata": "AZI", "name": "Bateen"}, "model": "api.airport", "pk": 2}, {"fields": {"city": 2, "iata": "HBE", "name": "Borg El Arab"}, "model": "api.airport", "pk": 3}, {"fields": {"city": 2, "iata": "ALY", "name": "El Nohza"}, "model": "api.airport", "pk": 4}, {"fields": {"city": 3, "iata": "AXS", "name": "Municipal"}, "model": "api.airport", "pk": 5}, {"fields": {"city": 4, "iata": "ESB", "name": "Esenboga"}, "model": "api.airport", "pk": 6}, {"fields": {"city": 5, "iata": "ACY", "name": "Atlantic City International Airport"}, "model": "api.airport", "pk": 7}, {"fields": {"city": 5, "iata": "AIY", "name": "Bader Field"}, "model": "api.airport", "pk": 8}, {"fields": {"city": 6, "iata": "GYD", "name": "Heydar Aliyev"}, "model": "api.airport", "pk": 9}, {"fields": {"city": 6, "iata": "ZXT", "name": "Zabrat"}, "model": "api.airport", "pk": 10}, {"fields": {"city": 7, "iata": "DMK", "name": "Don Mueang"}, "model": "api.airport", "pk": 11}, {"fields": {"city": 7, "iata": "BKK", "name": "International"}, "model": "api.airport", "pk": 12}, {"fields": {"city": 8, "iata": "MLH", "name": "Euroairport French"}, "model": "api.airport", "pk": 13}, {"fields": {"city": 8, "iata": "BSL", "name": "Euroairport Swiss"}, "model": "api.airport", "pk": 14}, {"fields": {"city": 9, "iata": "PEK", "name": "Capital"}, "model": "api.airport", "pk": 15}, {"fields": {"city": 10, "iata": "BHD", "name": "Belfast City Airport"}, "model": "api.airport", "pk": 16}, {"fields": {"city": 10, "iata": "BFS", "name": "Belfast Intl Arpt"}, "model": "api.airport", "pk": 17}, {"fields": {"city": 11, "iata": "PLU", "name": "Pampulha"}, "model": "api.airport", "pk": 18}, {"fields": {"city": 11, "iata": "CNF", "name": "Tancredo Neves Int'l."}, "model": "api.airport", "pk": 19}, {"fields": {"city": 12, "iata": "BER", "name": "Metropolitan Area"}, "model": "api.airport", "pk": 20}, {"fields": {"city": 12, "iata": "SXF", "name": "Schoenefeld"}, "model": "api.airport", "pk": 21}, {"fields": {"city": 12, "iata": "TXL", "name": "Tegel"}, "model": "api.airport", "pk": 22}, {"fields": {"city": 13, "iata": "BXN", "name": "Imsik Airport"}, "model": "api.airport", "pk": 23}, {"fields": {"city": 13, "iata": "BJV", "name": "Milas Airport"}, "model": "api.airport", "pk": 24}, {"fields": {"city": 14, "iata": "CRL", "name": "Charleroi Brussels So"}, "model": "api.airport", "pk": 25}, {"fields": {"city": 14, "iata": "BRU", "name": "National"}, "model": "api.airport", "pk": 26}, {"fields": {"city": 15, "iata": "BBU", "name": "Baneasa"}, "model": "api.airport", "pk": 27}, {"fields": {"city": 15, "iata": "OTP", "name": "Otopeni International"}, "model": "api.airport", "pk": 28}, {"fields": {"city": 16, "iata": "EZE", "name": "Ministro Pistarini"}, "model": "api.airport", "pk": 29}, {"fields": {"city": 17, "iata": "CMN", "name": "Mohamed V"}, "model": "api.airport", "pk": 30}, {"fields": {"city": 18, "iata": "WCA", "name": "Gamboa"}, "model": "api.airport", "pk": 31}, {"fields": {"city": 18, "iata": "MHC", "name": "Mocopulli"}, "model": "api.airport", "pk": 32}, {"fields": {"city": 19, "iata": "MDW", "name": "Chicago Midway International Airport"}, "model": "api.airport", "pk": 33}, {"fields": {"city": 19, "iata": "ORD", "name": "Chicago O'Hare International Airport"}, "model": "api.airport", "pk": 34}, {"fields": {"city": 19, "iata": "DPA", "name": "Dupage County"}, "model": "api.airport", "pk": 35}, {"fields": {"city": 19, "iata": "RFD", "name": "Greater Rockford"}, "model": "api.airport", "pk": 36}, {"fields": {"city": 19, "iata": "PWK", "name": "Pal-Waukee"}, "model": "api.airport", "pk": 37}, {"fields": {"city": 19, "iata": "GYY", "name": "Regional"}, "model": "api.airport", "pk": 38}, {"fields": {"city": 20, "iata": "CVG", "name": "Cincinnati Northern Kentucky Internation"}, "model": "api.airport", "pk": 39}, {"fields": {"city": 20, "iata": "LUK", "name": "Municipal"}, "model": "api.airport", "pk": 40}, {"fields": {"city": 21, "iata": "CLK", "name": "Municipal"}, "model": "api.airport", "pk": 41}, {"fields": {"city": 22, "iata": "CGN", "name": "Cologne/Bonn"}, "model": "api.airport", "pk": 42}, {"fields": {"city": 23, "iata": "DAL", "name": "Dallas Love Field"}, "model": "api.airport", "pk": 43}, {"fields": {"city": 23, "iata": "DFW", "name": "Dallas/Fort Worth International Airport"}, "model": "api.airport", "pk": 44}, {"fields": {"city": 23, "iata": "AFW", "name": "Fort Worth Alliance"}, "model": "api.airport", "pk": 45}, {"fields": {"city": 23, "iata": "FTW", "name": "Meacham Field"}, "model": "api.airport", "pk": 46}, {"fields": {"city": 24, "iata": "DET", "name": "Detroit City"}, "model": "api.airport", "pk": 47}, {"fields": {"city": 24, "iata": "DTW", "name": "Detroit Metropolitan Wayne County Airpor"}, "model": "api.airport", "pk": 48}, {"fields": {"city": 24, "iata": "ARB", "name": "Municipal"}, "model": "api.airport", "pk": 49}, {"fields": {"city": 24, "iata": "YIP", "name": "Willow Run"}, "model": "api.airport", "pk": 50}, {"fields": {"city": 25, "iata": "DWC", "name": "Al Maktoum"}, "model": "api.airport", "pk": 51}, {"fields": {"city": 25, "iata": "DXB", "name": "Dubai International Airport"}, "model": "api.airport", "pk": 52}, {"fields": {"city": 26, "iata": "DUS", "name": "International"}, "model": "api.airport", "pk": 53}, {"fields": {"city": 26, "iata": "MGL", "name": "Moenchen-Gl. - Dus Exp"}, "model": "api.airport", "pk": 54}, {"fields": {"city": 26, "iata": "NRN", "name": "Weeze"}, "model": "api.airport", "pk": 55}, {"fields": {"city": 27, "iata": "YEG", "name": "International"}, "model": "api.airport", "pk": 56}, {"fields": {"city": 27, "iata": "YXD", "name": "Municipal"}, "model": "api.airport", "pk": 57}, {"fields": {"city": 29, "iata": "FYV", "name": "Municipal (Drake Fld)"}, "model": "api.airport", "pk": 58}, {"fields": {"city": 29, "iata": "XNA", "name": "Northwest Arkansas Regional Airport"}, "model": "api.airport", "pk": 59}, {"fields": {"city": 30, "iata": "FLR", "name": "Peretola"}, "model": "api.airport", "pk": 60}, {"fields": {"city": 31, "iata": "RSW", "name": "Fort Myers Southwest Florida Internation"}, "model": "api.airport", "pk": 61}, {"fields": {"city": 31, "iata": "FMY", "name": "Page Field"}, "model": "api.airport", "pk": 62}, {"fields": {"city": 32, "iata": "MDT", "name": "Harrisburg International Airport"}, "model": "api.airport", "pk": 63}, {"fields": {"city": 33, "iata": "BDL", "name": "Bradley International Airport"}, "model": "api.airport", "pk": 64}, {"fields": {"city": 33, "iata": "HFD", "name": "Brainard"}, "model": "api.airport", "pk": 65}, {"fields": {"city": 34, "iata": "EFD", "name": "Ellington Field"}, "model": "api.airport", "pk": 66}, {"fields": {"city": 34, "iata": "IAH", "name": "Houston George Bush Intercontinental Air"}, "model": "api.airport", "pk": 67}, {"fields": {"city": 34, "iata": "SGR", "name": "Sugar Land Municipal"}, "model": "api.airport", "pk": 68}, {"fields": {"city": 34, "iata": "HOU", "name": "William P Hobby Airport"}, "model": "api.airport", "pk": 69}, {"fields": {"city": 35, "iata": "IST", "name": "Ataturk"}, "model": "api.airport", "pk": 70}, {"fields": {"city": 35, "iata": "SAW", "name": "Sabilha Gokcen"}, "model": "api.airport", "pk": 71}, {"fields": {"city": 36, "iata": "ADB", "name": "Adnan Menderes Arpt"}, "model": "api.airport", "pk": 72}, {"fields": {"city": 36, "iata": "IGL", "name": "Cigli Military Arpt"}, "model": "api.airport", "pk": 73}, {"fields": {"city": 37, "iata": "HLP", "name": "Halim Perdana Kusuma"}, "model": "api.airport", "pk": 74}, {"fields": {"city": 37, "iata": "CGK", "name": "Soekarno-Hatta Intl"}, "model": "api.airport", "pk": 75}, {"fields": {"city": 38, "iata": "MKC", "name": "Downtown"}, "model": "api.airport", "pk": 76}, {"fields": {"city": 38, "iata": "MCI", "name": "Kansas City International Airport"}, "model": "api.airport", "pk": 77}, {"fields": {"city": 39, "iata": "KBP", "name": "Borispol"}, "model": "api.airport", "pk": 78}, {"fields": {"city": 39, "iata": "IEV", "name": "Zhulhany"}, "model": "api.airport", "pk": 79}, {"fields": {"city": 40, "iata": "ILE", "name": "Municipal"}, "model": "api.airport", "pk": 80}, {"fields": {"city": 41, "iata": "KUL", "name": "Kuala Lumpur Int'l"}, "model": "api.airport", "pk": 81}, {"fields": {"city": 41, "iata": "SZB", "name": "Sultan Abdul Aziz Shah"}, "model": "api.airport", "pk": 82}, {"fields": {"city": 42, "iata": "LIL", "name": "Lesquin"}, "model": "api.airport", "pk": 83}, {"fields": {"city": 43, "iata": "LNZ", "name": "Hoersching"}, "model": "api.airport", "pk": 84}, {"fields": {"city": 44, "iata": "BQH", "name": "Biggin Hill"}, "model": "api.airport", "pk": 85}, {"fields": {"city": 44, "iata": "LGW", "name": "Gatwick"}, "model": "api.airport", "pk": 86}, {"fields": {"city": 44, "iata": "LHR", "name": "Heathrow"}, "model": "api.airport", "pk": 87}, {"fields": {"city": 44, "iata": "LCY", "name": "London City Airport"}, "model": "api.airport", "pk": 88}, {"fields": {"city": 44, "iata": "LTN", "name": "Luton Airport"}, "model": "api.airport", "pk": 89}, {"fields": {"city": 44, "iata": "SEN", "name": "Municipal"}, "model": "api.airport", "pk": 90}, {"fields": {"city": 44, "iata": "STN", "name": "Stansted"}, "model": "api.airport", "pk": 91}, {"fields": {"city": 45, "iata": "LYN", "name": "Bron"}, "model": "api.airport", "pk": 92}, {"fields": {"city": 45, "iata": "GNB", "name": "Saint Geoirs"}, "model": "api.airport", "pk": 93}, {"fields": {"city": 45, "iata": "LYS", "name": "Satolas"}, "model": "api.airport", "pk": 94}, {"fields": {"city": 46, "iata": "MMX", "name": "Sturup"}, "model": "api.airport", "pk": 95}, {"fields": {"city": 47, "iata": "KNO", "name": "Knokke/Het Zoute"}, "model": "api.airport", "pk": 96}, {"fields": {"city": 47, "iata": "MES", "name": "Polania"}, "model": "api.airport", "pk": 97}, {"fields": {"city": 48, "iata": "AVV", "name": "Avalon"}, "model": "api.airport", "pk": 98}, {"fields": {"city": 48, "iata": "MEB", "name": "Essendon"}, "model": "api.airport", "pk": 99}, {"fields": {"city": 48, "iata": "MBW", "name": "Moorabbin"}, "model": "api.airport", "pk": 100}, {"fields": {"city": 48, "iata": "MEL", "name": "Tullamarine"}, "model": "api.airport", "pk": 101}, {"fields": {"city": 49, "iata": "LIN", "name": "Linate"}, "model": "api.airport", "pk": 102}, {"fields": {"city": 49, "iata": "MXP", "name": "Malpensa"}, "model": "api.airport", "pk": 103}, {"fields": {"city": 49, "iata": "BGY", "name": "Orio Al Serio"}, "model": "api.airport", "pk": 104}, {"fields": {"city": 49, "iata": "PMF", "name": "Parma"}, "model": "api.airport", "pk": 105}, {"fields": {"city": 50, "iata": "ROB", "name": "Roberts Intl"}, "model": "api.airport", "pk": 106}, {"fields": {"city": 50, "iata": "MLW", "name": "Sprigg Payne"}, "model": "api.airport", "pk": 107}, {"fields": {"city": 51, "iata": "YMX", "name": "Mirabel"}, "model": "api.airport", "pk": 108}, {"fields": {"city": 51, "iata": "YUL", "name": "Pierre Elliott Trudeau"}, "model": "api.airport", "pk": 109}, {"fields": {"city": 51, "iata": "YHU", "name": "St Hubert"}, "model": "api.airport", "pk": 110}, {"fields": {"city": 52, "iata": "BKA", "name": "Bykovo"}, "model": "api.airport", "pk": 111}, {"fields": {"city": 52, "iata": "DME", "name": "Domodedovo"}, "model": "api.airport", "pk": 112}, {"fields": {"city": 52, "iata": "SVO", "name": "Sheremetyevo"}, "model": "api.airport", "pk": 113}, {"fields": {"city": 52, "iata": "VKO", "name": "Vnukovo"}, "model": "api.airport", "pk": 114}, {"fields": {"city": 53, "iata": "JFK", "name": "John F. Kennedy International Airport"}, "model": "api.airport", "pk": 115}, {"fields": {"city": 53, "iata": "LGA", "name": "LaGuardia Airport"}, "model": "api.airport", "pk": 116}, {"fields": {"city": 53, "iata": "EWR", "name": "Newark Liberty International Airport"}, "model": "api.airport", "pk": 117}, {"fields": {"city": 54, "iata": "CXR", "name": "Cam Ranh International"}, "model": "api.airport", "pk": 118}, {"fields": {"city": 55, "iata": "EMA", "name": "East Midlands"}, "model": "api.airport", "pk": 119}, {"fields": {"city": 55, "iata": "NQT", "name": "Nottingham Airport"}, "model": "api.airport", "pk": 120}, {"fields": {"city": 56, "iata": "ORL", "name": "Herndon"}, "model": "api.airport", "pk": 121}, {"fields": {"city": 56, "iata": "MCO", "name": "Orlando International Airport"}, "model": "api.airport", "pk": 122}, {"fields": {"city": 56, "iata": "SFB", "name": "Orlando Sanford"}, "model": "api.airport", "pk": 123}, {"fields": {"city": 56, "iata": "DWS", "name": "Walt Disney World"}, "model": "api.airport", "pk": 124}, {"fields": {"city": 57, "iata": "ITM", "name": "Itami"}, "model": "api.airport", "pk": 125}, {"fields": {"city": 57, "iata": "KIX", "name": "Kansai International"}, "model": "api.airport", "pk": 126}, {"fields": {"city": 57, "iata": "UKB", "name": "Kobe"}, "model": "api.airport", "pk": 127}, {"fields": {"city": 58, "iata": "RYG", "name": "Moss-Rygge"}, "model": "api.airport", "pk": 128}, {"fields": {"city": 58, "iata": "OSL", "name": "Oslo Airport"}, "model": "api.airport", "pk": 129}, {"fields": {"city": 58, "iata": "TRF", "name": "Sandefjord"}, "model": "api.airport", "pk": 130}, {"fields": {"city": 59, "iata": "YND", "name": "Gatineau"}, "model": "api.airport", "pk": 131}, {"fields": {"city": 59, "iata": "YOW", "name": "International"}, "model": "api.airport", "pk": 132}, {"fields": {"city": 59, "iata": "YRO", "name": "Rockcliffe St"}, "model": "api.airport", "pk": 133}, {"fields": {"city": 60, "iata": "PFN", "name": "Bay County"}, "model": "api.airport", "pk": 134}, {"fields": {"city": 60, "iata": "ECP", "name": "Northwest Florida Beaches International"}, "model": "api.airport", "pk": 135}, {"fields": {"city": 61, "iata": "BVA", "name": "Beauvais-Tille Airport"}, "model": "api.airport", "pk": 136}, {"fields": {"city": 61, "iata": "CDG", "name": "Ch. De Gaulle"}, "model": "api.airport", "pk": 137}, {"fields": {"city": 61, "iata": "LBG", "name": "Le Bourget"}, "model": "api.airport", "pk": 138}, {"fields": {"city": 61, "iata": "ORY", "name": "Orly"}, "model": "api.airport", "pk": 139}, {"fields": {"city": 61, "iata": "POX", "name": "Paris Cergy Pontoise"}, "model": "api.airport", "pk": 140}, {"fields": {"city": 61, "iata": "XCR", "name": "Vatry Airport"}, "model": "api.airport", "pk": 141}, {"fields": {"city": 62, "iata": "MUV", "name": "Mustin Airfield"}, "model": "api.airport", "pk": 142}, {"fields": {"city": 62, "iata": "PNE", "name": "North Philadelphia"}, "model": "api.airport", "pk": 143}, {"fields": {"city": 62, "iata": "PHL", "name": "Philadelphia International Airport"}, "model": "api.airport", "pk": 144}, {"fields": {"city": 62, "iata": "TTN", "name": "Trenton-Mercer"}, "model": "api.airport", "pk": 145}, {"fields": {"city": 63, "iata": "KEF", "name": "Keflavik International"}, "model": "api.airport", "pk": 146}, {"fields": {"city": 63, "iata": "RKV", "name": "Reykjavik Domestic"}, "model": "api.airport", "pk": 147}, {"fields": {"city": 64, "iata": "GIG", "name": "Internacional"}, "model": "api.airport", "pk": 148}, {"fields": {"city": 64, "iata": "SDU", "name": "Santos Dumont"}, "model": "api.airport", "pk": 149}, {"fields": {"city": 65, "iata": "CIA", "name": "Ciampino"}, "model": "api.airport", "pk": 150}, {"fields": {"city": 65, "iata": "FCO", "name": "Fiumicino"}, "model": "api.airport", "pk": 151}, {"fields": {"city": 66, "iata": "SZF", "name": "Carsamba"}, "model": "api.airport", "pk": 152}, {"fields": {"city": 67, "iata": "SRZ", "name": "El Trompillo"}, "model": "api.airport", "pk": 153}, {"fields": {"city": 67, "iata": "VVI", "name": "Viru Viru Intl"}, "model": "api.airport", "pk": 154}, {"fields": {"city": 68, "iata": "CGH", "name": "Congonhas"}, "model": "api.airport", "pk": 155}, {"fields": {"city": 68, "iata": "GRU", "name": "Guarulhos Intl"}, "model": "api.airport", "pk": 156}, {"fields": {"city": 68, "iata": "VCP", "name": "Viracopos"}, "model": "api.airport", "pk": 157}, {"fields": {"city": 69, "iata": "CTS", "name": "Chitose"}, "model": "api.airport", "pk": 158}, {"fields": {"city": 69, "iata": "OKD", "name": "Okadama"}, "model": "api.airport", "pk": 159}, {"fields": {"city": 70, "iata": "CIU", "name": "Chippewa County"}, "model": "api.airport", "pk": 160}, {"fields": {"city": 71, "iata": "BFI", "name": "Boeing Fld Intl"}, "model": "api.airport", "pk": 161}, {"fields": {"city": 71, "iata": "SEA", "name": "Seattle Tacoma International Airport"}, "model": "api.airport", "pk": 162}, {"fields": {"city": 71, "iata": "PAE", "name": "Snohomish County"}, "model": "api.airport", "pk": 163}, {"fields": {"city": 72, "iata": "GMP", "name": "Gimpo Int'l"}, "model": "api.airport", "pk": 164}, {"fields": {"city": 72, "iata": "ICN", "name": "Incheon Int'l Airport"}, "model": "api.airport", "pk": 165}, {"fields": {"city": 73, "iata": "SHA", "name": "Hongqiao"}, "model": "api.airport", "pk": 166}, {"fields": {"city": 73, "iata": "PVG", "name": "Pu Dong"}, "model": "api.airport", "pk": 167}, {"fields": {"city": 74, "iata": "LWK", "name": "Lerwick/Tingwall"}, "model": "api.airport", "pk": 168}, {"fields": {"city": 74, "iata": "SCS", "name": "Scatsta"}, "model": "api.airport", "pk": 169}, {"fields": {"city": 74, "iata": "LSI", "name": "Sumburgh"}, "model": "api.airport", "pk": 170}, {"fields": {"city": 76, "iata": "STX", "name": "Henry E. Rohlsen Airport"}, "model": "api.airport", "pk": 171}, {"fields": {"city": 77, "iata": "UVF", "name": "Hewanorra"}, "model": "api.airport", "pk": 172}, {"fields": {"city": 77, "iata": "SLU", "name": "Vigie"}, "model": "api.airport", "pk": 173}, {"fields": {"city": 78, "iata": "SBS", "name": "Steamboat Springs"}, "model": "api.airport", "pk": 174}, {"fields": {"city": 78, "iata": "HDN", "name": "Yampa Valley Regional Airport"}, "model": "api.airport", "pk": 175}, {"fields": {"city": 79, "iata": "ARN", "name": "Arlanda"}, "model": "api.airport", "pk": 176}, {"fields": {"city": 79, "iata": "BMA", "name": "Bromma"}, "model": "api.airport", "pk": 177}, {"fields": {"city": 79, "iata": "NYO", "name": "Skavsta"}, "model": "api.airport", "pk": 178}, {"fields": {"city": 79, "iata": "VST", "name": "Vasteras/Hasslo"}, "model": "api.airport", "pk": 179}, {"fields": {"city": 80, "iata": "SXB", "name": "Entzheim"}, "model": "api.airport", "pk": 180}, {"fields": {"city": 81, "iata": "STR", "name": "Echterdingen"}, "model": "api.airport", "pk": 181}, {"fields": {"city": 82, "iata": "TPE", "name": "Chiang Kai Shek"}, "model": "api.airport", "pk": 182}, {"fields": {"city": 82, "iata": "TSA", "name": "Sung Shan"}, "model": "api.airport", "pk": 183}, {"fields": {"city": 84, "iata": "PIE", "name": "International"}, "model": "api.airport", "pk": 184}, {"fields": {"city": 84, "iata": "TPF", "name": "Peter O'knight"}, "model": "api.airport", "pk": 185}, {"fields": {"city": 84, "iata": "TPA", "name": "Tampa International Airport"}, "model": "api.airport", "pk": 186}, {"fields": {"city": 84, "iata": "KYO", "name": "Topp Of Tampa"}, "model": "api.airport", "pk": 187}, {"fields": {"city": 85, "iata": "IKA", "name": "Imam Khomeini"}, "model": "api.airport", "pk": 188}, {"fields": {"city": 85, "iata": "THR", "name": "Mehrabad"}, "model": "api.airport", "pk": 189}, {"fields": {"city": 86, "iata": "TFN", "name": "Norte Los Rodeos"}, "model": "api.airport", "pk": 190}, {"fields": {"city": 86, "iata": "TFS", "name": "Sur Reina Sofia"}, "model": "api.airport", "pk": 191}, {"fields": {"city": 87, "iata": "HND", "name": "Haneda"}, "model": "api.airport", "pk": 192}, {"fields": {"city": 87, "iata": "NRT", "name": "Narita"}, "model": "api.airport", "pk": 193}, {"fields": {"city": 88, "iata": "YKZ", "name": "Buttonville"}, "model": "api.airport", "pk": 194}, {"fields": {"city": 88, "iata": "YHM", "name": "Hamilton"}, "model": "api.airport", "pk": 195}, {"fields": {"city": 88, "iata": "YKF", "name": "Kitchener-Waterloo Reg"}, "model": "api.airport", "pk": 196}, {"fields": {"city": 88, "iata": "YYZ", "name": "Pearson International"}, "model": "api.airport", "pk": 197}, {"fields": {"city": 88, "iata": "YTZ", "name": "Toronto Island"}, "model": "api.airport", "pk": 198}, {"fields": {"city": 89, "iata": "ULV", "name": "Ulyanovsk"}, "model": "api.airport", "pk": 199}, {"fields": {"city": 89, "iata": "ULY", "name": "Ulyanovsk East"}, "model": "api.airport", "pk": 200}, {"fields": {"city": 90, "iata": "VIE", "name": "Vienna International"}, "model": "api.airport", "pk": 201}, {"fields": {"city": 91, "iata": "GBO", "name": "Baltimore Greenbelt T"}, "model": "api.airport", "pk": 202}, {"fields": {"city": 91, "iata": "BWI", "name": "Baltimore/Washington International Thurg"}, "model": "api.airport", "pk": 203}, {"fields": {"city": 91, "iata": "BZS", "name": "Buzzards Pt S"}, "model": "api.airport", "pk": 204}, {"fields": {"city": 91, "iata": "MTN", "name": "Glenn L Martin"}, "model": "api.airport", "pk": 205}, {"fields": {"city": 91, "iata": "DCA", "name": "Ronald Reagan Washington National Airpor"}, "model": "api.airport", "pk": 206}, {"fields": {"city": 91, "iata": "IAD", "name": "Washington Dulles International Airport"}, "model": "api.airport", "pk": 207}, {"fields": {"city": 92, "iata": "XIY", "name": "Xianyang"}, "model": "api.airport", "pk": 208}, {"fields": {"city": 92, "iata": "SIA", "name": "Xiguan"}, "model": "api.airport", "pk": 209}, {"fields": {"name": "alternative rock", "related": []}, "model": "api.genre", "pk": 1}, {"fields": {"name": "permanent wave", "related": []}, "model": "api.genre", "pk": 2}, {"fields": {"name": "album rock", "related": []}, "model": "api.genre", "pk": 3}, {"fields": {"name": "glam rock", "related": []}, "model": "api.genre", "pk": 4}, {"fields": {"name": "rock", "related": []}, "model": "api.genre", "pk": 5}, {"fields": {"name": "art rock", "related": []}, "model": "api.genre", "pk": 6}, {"fields": {"name": "roots rock", "related": []}, "model": "api.genre", "pk": 7}, {"fields": {"name": "singer-songwriter", "related": []}, "model": "api.genre", "pk": 8}, {"fields": {"name": "new wave pop", "related": []}, "model": "api.genre", "pk": 9}, {"fields": {"name": "hard rock", "related": []}, "model": "api.genre", "pk": 10}, {"fields": {"name": "dance rock", "related": []}, "model": "api.genre", "pk": 11}, {"fields": {"name": "new romantic", "related": []}, "model": "api.genre", "pk": 12}, {"fields": {"name": "new wave", "related": []}, "model": "api.genre", "pk": 13}, {"fields": {"name": "australian alternative rock", "related": []}, "model": "api.genre", "pk": 14}, {"fields": {"genres": [1, 2], "popularity": 76, "spotify_id": "4KWTAlx2RvbpseOGMEmROg", "name": "R.E.M."}, "model": "api.artist", "pk": 21}, {"fields": {"genres": [], "popularity": 75, "spotify_id": "5gznATMVO85ZcLTkE9ULU7", "name": "Lenny Kravitz"}, "model": "api.artist", "pk": 22}, {"fields": {"genres": [3, 4, 5], "popularity": 85, "spotify_id": "1dfeR4HaWDbWqFHLkxsg1d", "name": "Queen"}, "model": "api.artist", "pk": 23}, {"fields": {"genres": [], "popularity": 73, "spotify_id": "7t0rwkOPGlDPEhaOcVtOt9", "name": "The Cranberries"}, "model": "api.artist", "pk": 24}, {"fields": {"genres": [2], "popularity": 75, "spotify_id": "5NGO30tJxFlKixkPSgXcFE", "name": "The Police"}, "model": "api.artist", "pk": 25}, {"fields": {"genres": [], "popularity": 77, "spotify_id": "0WwSkZ7LtFUFjGjMZBMt6T", "name": "Dire Straits"}, "model": "api.artist", "pk": 26}, {"fields": {"genres": [2, 4, 6], "popularity": 80, "spotify_id": "0oSGxfWSnnOXhD2fKuz2Gy", "name": "David Bowie"}, "model": "api.artist", "pk": 27}, {"fields": {"genres": [], "popularity": 73, "spotify_id": "0Ty63ceoRnnJKVEYP0VQpk", "name": "Sting"}, "model": "api.artist", "pk": 28}, {"fields": {"genres": [7, 8], "popularity": 80, "spotify_id": "3eqjTLE0HfPfh78zjh6TqT", "name": "Bruce Springsteen"}, "model": "api.artist", "pk": 29}, {"fields": {"genres": [9], "popularity": 63, "spotify_id": "4sD9znwiVFx9cgRPZ42aQ1", "name": "Sin\u00e9ad O'Connor"}, "model": "api.artist", "pk": 30}, {"fields": {"genres": [3, 5, 10], "popularity": 80, "spotify_id": "7Ey4PD4MYsKc5I2dolUwbH", "name": "Aerosmith"}, "model": "api.artist", "pk": 31}, {"fields": {"genres": [6], "popularity": 61, "spotify_id": "7C4sUpWGlTy7IANjruj02I", "name": "Peter Gabriel"}, "model": "api.artist", "pk": 32}, {"fields": {"genres": [11, 12, 13], "popularity": 68, "spotify_id": "6hN9F0iuULZYWXppob22Aj", "name": "Simple Minds"}, "model": "api.artist", "pk": 33}, {"fields": {"genres": [14], "popularity": 59, "spotify_id": "72KyoXzp0NOQij6OcmZUxk", "name": "Midnight Oil"}, "model": "api.artist", "pk": 34}, {"fields": {"genres": [], "popularity": 64, "spotify_id": "7290H8m1Dwt8G7jm1y9CQx", "name": "Chris Isaak"}, "model": "api.artist", "pk": 35}, {"fields": {"genres": [2, 13], "popularity": 76, "spotify_id": "7bu3H8JO7d0UbMoVzbo70s", "name": "The Cure"}, "model": "api.artist", "pk": 36}, {"fields": {"genres": [], "popularity": 68, "spotify_id": "1eClJfHLoDI4rZe5HxzBFv", "name": "INXS"}, "model": "api.artist", "pk": 37}, {"fields": {"genres": [], "popularity": 36, "spotify_id": "6bvtY9dkfSa5yKuogd2aLU", "name": "Bob Geldof"}, "model": "api.artist", "pk": 38}, {"fields": {"genres": [6], "popularity": 84, "spotify_id": "0k17h0D3J5VfsdmQ1iZtE9", "name": "Pink Floyd"}, "model": "api.artist", "pk": 39}, {"fields": {"genres": [4, 5], "popularity": 68, "spotify_id": "7lzordPuZEXxwt9aoVZYmG", "name": "Billy Idol"}, "model": "api.artist", "pk": 40}]